codice,descrizione,prezzo,pz_x_ct,categoria
17384,BOSFORD GIN LT.1,7.99,6,Gin
26181,"GORDONS GIN CL.70  37,5°",8.35,6,Gin
12028,"GORDONS GIN LT.1 -- 37,5°",10.66,6,Gin
57574,GORDONS GIN PINK PREMIUM CL.70 37.5°,10.87,6,Gin
27501,BOMBAY SAPPHIRE GIN  CL.70  40°,11.5,6,Gin
19874,"TANQUERAY GIN CL.70  43,1°",12.41,6,Gin
78036,BOMBAY BRAMBIE GIN CL.70 37.5°,12.51,6,Gin
26185,BEEFEATER GIN LT.1,13.9,6,Gin
45863,BULLDOG GIN CL.70,15.2,6,Gin
17931,BOMBAY SAPPHIRE GIN LT.1 40°,15.66,6,Gin
23571,TANQUERAY GIN LT.1 43°,15.84,12,Gin
59477,MALFY AROMATIC DRY GIN LEMON CL70 41°,18.0,6,Gin
60625,"TANQUERAY GIN SEVILLA CL.70 41,3°",18.06,6,Gin
52913,BULLDOG GIN LT.1 40°,19.99,6,Gin
59445,ROKU GIN THE JAPANESE CRAFT CL.70 43°,20.33,6,Gin
60177,MALFY DRY GIN POMP ROSA. CL70 41° IMP,21.9,6,Gin
60176,MALFY ORANGE DRY GIN CL.70 41°,22.12,6,Gin
34571I,"HENDRICKS GIN CL.70   41,4° IMP",24.96,6,Gin
34571,HENDRICKS GIN CL.70   44°,24.96,6,Gin
40341,MARE GIN CL.70 42.7°,25.45,6,Gin
23570,TANQUERAY TEN GIN CL.70,25.5,6,Gin
40341I,MARE GIN CL.70 IMP,26.2,6,Gin
51062,HENDRICK'S GIN LT.1  41.4°- IMP,31.25,12,Gin
69126,"HENDRICK'S GIN LUNAR CL.70 43,4°",31.82,6,Gin
65313,HENDRICK'S GIN ORBIUM CL70 43.4°,34.18,6,Gin
87805,MARE GIN LANTERNA CL.70 42.7°,34.28,1,Gin
58118,"MARE GIN LT.1 - imp  42,7",35.7,6,Gin
68437,MARE GIN CAPRI LT1 42.7°,36.78,6,Gin
65584,HENDRICKS GIN AMAZONIA LT.1 43.4,43.36,12,Gin
62239,UNDERBERG AMARO CL.2  44°,0.79,12,Amari
76874,VEGE CACAO IN POLVERE AMARO GR75,1.29,10,Amari
66500,LOCANDA ITALIA BICCHIERE AMARO,1.71,6,Amari
2549,PERUGINA CACAO AMARO GR.75,1.75,36,Amari
89739,ZAINI  CACAO AMARO GR.120,3.29,12,Amari
46814,RISTORA CACAO AMARO GR.250,4.71,12,Amari
44702,CAMPARI AMARO DEL FRATE DIESUS CL.75,4.86,6,Amari
30465,STOCK RADIS AMARO CL.50 32°,5.99,6,Amari
81981,SMANIA AMARO DELL'ELBA CL50 28°,6.0,6,Amari
65845,LOCANDA ITALIA AMARO EL DOMM CL70  32°,6.89,6,Amari
44174,BRANCA CARPANO BIANCO LT.1,7.52,6,Amari
32853,ISOLABELLA AMARO 18 CL.70 30°,7.63,6,Amari
69059,RABARBARO ZUCCA AMARO CL.70 16°,7.7,6,Amari
1811,LUCANO AMARO CL.70       28°,8.0,6,Amari
8365,RAMAZZOTTI SAMBUCA CL.70 38°,8.36,6,Amari
1916,"CYNAR AMARO CL.70  16,5°",8.43,6,Amari
1928,CHINA MARTINI AMARO CL. 70,8.5,6,Amari
16921,BRANCA CARPANO ROSSO CLASSICO  LT.,8.56,6,Amari
65430,BRAULIO GRAPPA RISERVA 18 MESI CL.70 40°,8.78,6,Amari
32925,VECCHIO AMARO DEL CAPO CL.70 35°,8.99,8,Amari
1936,RAMAZZOTTI AMARO CL.70  30°,9.03,6,Amari
1949,AVERNA AMARO CL.70  29°,9.8,6,Amari
10402,BRAULIO AMARO ALPINO CL.70 21°,10.12,6,Amari
11530,LUCANO AMARO LT.1  28°,10.27,6,Amari
1946,PETRUS AMARO CL.70,10.5,6,Amari
1934,JAGERMEISTER AMARO CL.70 35° - IMP,10.55,6,Amari
89950,RAMAZZOTTI SAMBUCA LT1 38°,10.7,6,Amari
1940,BRANCA FERNET AMARO MENTA CL.70   28°,10.91,6,Amari
33454,UNICUM AMARO CL.70,11.04,6,Amari
26358,MONTENEGRO AMARO  CL.70  23°,11.3,8,Amari
70576,CASONI AMARO DEL CICLISTA CL70 26°,11.48,6,Amari
1947I,BRANCA FERNET AMARO CL.70 39°,11.69,6,Amari
12853,CYNAR AMARO LT.1 16.5°,11.95,6,Amari
7910,RAMAZZOTTI AMARO LT.1,12.34,6,Amari
17283,BRANCA STRAVECCHIO BRANDY LT.1,12.5,6,Amari
59033,SAN SIMONE AMARO CL.70 26°,12.92,6,Amari
70860,BRANCA CARPANO BITTER LT.1   25°,12.93,6,Amari
17199,BRAULIO AMARO ALPINO LT.1 21°,13.55,6,Amari
23507,AVERNA AMARO LT.1 29°,13.79,6,Amari
65661,VECCHIO AMARO DEL CAPO RED HOT CL70 35°,13.9,8,Amari
59506,JAGERMEISTER AMARO LT.1 ITA,13.95,6,Amari
83795,AMARO CAMATTI LT1 20°,14.04,6,Amari
8471,UNICUM AMARO LT.1 40°,14.05,6,Amari
34376,DOMENIS AMARO CL.70,14.17,6,Amari
40289,"LUCANO AMARO LT.1,5 28°",14.43,6,Amari
14434,JAGERMEISTER AMARO LT.1 IMP 35°,14.67,6,Amari
66653,ARPA CACAO AMARO KG. 1,14.73,1,Amari
51848,RISTORA CACAO AMARO KG.1,14.99,10,Amari
25083,VECCHIO AMARO DEL CAPO LT.1 35°,15.45,6,Amari
91805,AMARO NIENTE  CL.70 30°,15.5,6,Amari
12859,BRANCA FERNET AMARO MENTA LT.1 28°,15.62,6,Amari
65314,AMARA LIQUORE AMARO DI ARANCIA CL50 30°,15.96,6,Amari
59601,QUAGLIA LIQUORE FERNET CL.70 40°,16.05,6,Amari
81083,ANGOSTURA AMARO DI ANGOSTURA CL.70 35%,16.05,6,Amari
14164,BRANCA FERNET AMARO LT.1 39°,16.16,6,Amari
92509,BOTANICA AMARO ZERO CL.50,16.5,6,Amari
35874,MONTENEGRO AMARO LT.1 23°,16.9,6,Amari
26488,AMARO ALPESTRE CL.70 44°,17.26,6,Amari
64012,AMARO VENTI CL.70 25°,18.26,6,Amari
17114,"AVERNA AMARO LT.1,5 29°",19.39,6,Amari
21871,CAMEO AROMA RUM X2,0.59,16,Rum
66411,RITTER SPORT RUM UVETTA NOCCIOLE GR100,1.49,12,Rum
1808,FALED RUM PASTICCERIA CL.50 38°,3.73,6,Rum
68275,GIOIA LUISA BABA' AL RUM GR530,6.21,6,Rum
73687,"DILMOOR ISLA ANTIGUA WHITE RUM LT1 37,5°",7.13,6,Rum
73688,"DILMOOR ISLA ANTIGUA DARK RUM LT.1 37,5°",7.39,6,Rum
86570,CAPTAIN MORGAN RUM SPICED CL 70 35°,9.09,6,Rum
1897,BACARDI RUM CARTA BLANCA CL.70 37.5°,9.14,6,Rum
23572,PAMPERO RUM ESPECIAL CL.70  40°,9.85,6,Rum
86283,HAVANA CLUB RUM 3Y ORIGINAL CL.70  37.5,10.19,6,Rum
39314,TIA MARIA RUM AL CAFFE' CL.70 20°,10.38,6,Rum
17067,PAMPERO RUM BLANCO LT.1,10.4,6,Rum
23522,BARBIERI PUNCH AL RUM LT.1,10.59,6,Rum
1895A,BACARDI RUM CARTA BLANCA LT.1 CTX6 37.5°,10.8,6,Rum
26170,SANTA TERESA RUM CLARO LT.1 40°,10.89,6,Rum
43136,BACARDI RUM ORO LT.1,11.58,6,Rum
54577,HAVANA CLUB RUM ANEJO ESPECIAL CL70 40°,11.97,6,Rum
59463,DILLON RUM WHITE CL.70 43° MARTINICA,13.06,6,Rum
23584,PAMPERO RUM ESPECIAL LT.1,13.42,6,Rum
24402,MATUSALEM RUM 7Y CL.70,14.08,6,Rum
17925,HAVANA CLUB RUM ORGINAL 3Y LT.1 37.5°,14.14,6,Rum
59111,SAILOR JERRY SPICED RUM CL.70 40°,14.16,6,Rum
35731,LEGENDARIO RUM ELIXIR CUBA 7Y CL.70,14.85,6,Rum
29025,STROH RUM ORIGINAL 80° CL.70,15.98,6,Rum
58119,KRAKEN RUM BLACK SPICED CL.70  40°,16.87,6,Rum
16340,"HAVANA CLUB RUM ESPECIAL NP LT1 37,5°",16.89,6,Rum
11595,HAVANA CLUB RUM 7Y CL.70  40°,17.5,6,Rum
15622,PAMPERO RUM ANNIVERSARIO CL.70  40°,18.31,6,Rum
59638,TROIS RIVIERES AMBRE' RUM AGRIC.CL.70 40,18.46,6,Rum
19897,MATUSALEM RUM 15Y CL.70,18.9,6,Rum
70008,ISLAND SIGNATURE RUM TOURQU BAY CL70 40°,19.9,6,Rum
26171,J.BALLY RUM AMBRE' AGRICOLE CL.70 45°,21.15,6,Rum
60475,BARCELO IMPERIAL RUM CL.70 38°,21.99,6,Rum
74743,EL CABRON SPICED RUM REUNION CL70 40°,22.12,6,Rum
92212,MATUSALEM RUM 15Y CL.70 AST,22.97,6,Rum
96137,BRUGAL RUM EXTRA VIEJO LT.1,23.0,12,Rum
22385A,SANTA TERESA 1796 RUM AST. CL70 CTX3 40°,23.5,3,Rum
92830,BUMBU ORIGINAL RUM CL.70 40°,23.5,6,Rum
26154I,EL DORADO DEMERARA RUM 12Y CL.70 AST imp,26.93,6,Rum
22385,SANTA TERESA 1796 RUM C/ASTUCCIO CL.70,27.5,6,Rum
69169,DON PAPA RUM BAROKO CL.70 ASTUC.40°,28.46,6,Rum
69168,DON PAPA RUM BAROKO CL.70 40°,28.73,6,Rum
74744,EL CABRON SPIC.RUM XO EXTRA OLD CL70 43°,30.3,6,Rum
78433,EMINENTE RESERVA RUM 7Y CL.70  41.3°,30.96,6,Rum
59641,RON BOTRAN SOLERA RUM 18Y CL.70 AST 40°,31.62,6,Rum
71229,DEADHEAD RUM CL70 40°,34.18,6,Rum
97919,ZACAPA RUM CENT. SOLERA 23 CL.70 40°,34.55,6,Rum
44966,ZACAPA RUM CENT. SOLERA 23 AST. CL.70,35.0,6,Rum
92214,DON PAPA RUM BAROKO CL.70 ASTUC C/FIASC,40.93,1,Rum
70265,MILLONARIO RUM XO CL70 40°,74.47,6,Rum
26145,ZACAPA SOLERA XO RUM CL.70 AST. 40% IMP,79.0,6,Rum
88571,"CASONI VODKA CL.70 37,5%",3.72,6,Vodka
73680,DILMOOR JANOKA VODKA PESCA LT.1 20°,4.95,6,Vodka
73678,DILMOOR JANOKA VODKA MENTA LT.1 20°,5.14,6,Vodka
52266,SUVAZSKA VODKA FRAGOLA LT.1 POLINI*,5.56,6,Vodka
19553,KEGLEVICH VODKA PESCA CL.70  18°,5.65,6,Vodka
58050,LIQ.PREGIATI VODKA MELONE LT.1 20°,5.9,6,Vodka
71222,GLOWICE VODKA MELONE LT.1 20° sodil,5.92,6,Vodka
1872,KEGLEVICH VODKA CLASSICA CL.70  38°,6.41,6,Vodka
26203,KEGLEVICH VODKA LIQUIRIZIA CL.70,6.46,6,Vodka
49316,KEGLEVICH VODKA LIMONE CL.70,6.46,6,Vodka
19552,KEGLEVICH VODKA MELA VERDE CL70,6.46,6,Vodka
25167,KEGLEVICH VODKA MENTA CL.70  18°,6.46,6,Vodka
29982,KEGLEVICH VODKA FRAGOLA CL.70  18°,6.46,6,Vodka
39975,KEGLEVICH VODKA MELONE CL.70,6.46,6,Vodka
1868,KEGLEVICH VODKA PANNA/FRAGOLA CL.70,6.87,6,Vodka
73676,"DILMOOR JANOKA VODKA CLASSICA LT.1 37,5°",6.96,6,Vodka
32779,ARTIC VODKA LIQUIRIZIA LT.1,7.39,6,Vodka
32778,ARTIC VODKA PASSION FRUIT LT.1,7.46,6,Vodka
68960,ARTIC VODKA ALLA FRAGOLA LT.1 18°,7.46,6,Vodka
68628,ARTIC VODKA AL LIMONE LT.1 18°,7.46,6,Vodka
68627,ARTIC VODKA MENTA LT.1 18°,7.46,6,Vodka
24398,ARTIC VODKA FRAGOLA LT.1 OLD 25°,7.46,6,Vodka
68961,ARTIC VODKA ALLA PESCA LT.1 18°,7.46,6,Vodka
19839,ARTIC VODKA LIMONE LT.1 OLD 25°,7.51,6,Vodka
21361,ARTIC VODKA MENTA ICE LT.1 OLD 25°,7.73,6,Vodka
19548,ARTIC VODKA MENTA LT.1 OLD 25°,7.73,6,Vodka
5989,KEGLEVICH VODKA CLASSICA LT.1,7.75,6,Vodka
19838,KEGLEVICH VODKA PESCA LT.1,7.79,6,Vodka
92612,BAGNOLI ICEBERG VODKA & CARAMELLO LT 21°,7.99,6,Vodka
19550,KEGLEVICH VODKA MENTA LT.1,8.11,6,Vodka
19837,KEGLEVICH VODKA FRAGOLA LT.1,8.11,6,Vodka
19836,KEGLEVICH VODKA MELONE LT.1,8.11,6,Vodka
14717,MOSKOVSKAYA VODKA CL.70 38°,8.31,6,Vodka
68962,"ARTIC VODKA BIANCA PURA LT.1 37,5°",8.69,6,Vodka
29088,ERISTOFF VODKA LT.1,9.36,6,Vodka
23581,"SMIRNOFF RED  VODKA LT.1  - 37,5°",9.55,6,Vodka
17209,WIBOROWA VODKA LT.1,9.68,6,Vodka
17923,SKY VODKA LT.1,9.7,6,Vodka
19877,ABSOLUT VODKA CL.70    40°,10.49,6,Vodka
15798,FINLANDIA VODKA LT.1,10.55,6,Vodka
24401,MOSKOVSKAYA VODKA LT.1,11.5,6,Vodka
21349,RUSSIAN STANDARD VODKA LT.1 40°,11.6,6,Vodka
33667A,STOLICHNAYA VODKA LT.1 CTX6 40°,11.91,6,Vodka
73681,"DILMOOR JANOKA VODKA CLASSICA LT.2 37,5°",12.65,6,Vodka
65409,ZUBROWSKA VODKA LT.1 40°,13.12,6,Vodka
23539,ABSOLUT VODKA LT.1   40°,13.7,6,Vodka
38359,BELVEDERE ORGANIC  VODKA  CL.70   40°,20.5,6,Vodka
92216,DEBOWA VODKA CLASSICA ESTINTORE CL70 40°,20.75,1,Vodka
63988,TITO'S VODKA LT.1 40°,21.6,12,Vodka
32330,GREY GOOSE VODKA CL.70  40°,23.5,6,Vodka
92113,4 ME VODKA AST CL.50 40°,25.87,6,Vodka
45059,BELUGA NOBLE VODKA CL.70   40°,27.11,6,Vodka
92217,DEBOWA VODKA CLASSICA DONDOLO CL70 40°,30.78,1,Vodka
92213,DEBOWA VODKA CLASSICA IDRANTE CL.70  40°,31.86,1,Vodka
92220,DEBOWA VODKA CLASSICA TAVOLO LEGNO CL 70,37.85,1,Vodka
92221,DEBOWA VODKA CLASSICA SVEGLIA CL 70 40°,38.99,1,Vodka
97013,DEBOWA VODKA TANICA CL.70 40%,40.36,1,Vodka
92219,DEBOWA VODKA CLASSICA MAZZA CL 70 40°,41.72,1,Vodka
L1B,IVA PzXCt Qtà Ordine 97014 5903983407376 DEBOWA VODKA CHIAVE CL.70 40%,46.91,1,Vodka
61393,BELVEDERE VODKA  INTENSE NERA LT.1 50°,47.44,6,Vodka
33483,BECKS BIRRA FUSTO LT.6,17.36,1,Birre in fusto
29299,FRANZISKANER BIRRA FUSTO LT.6,18.84,1,Birre in fusto
34685,HOEGAARDEN BIRRA FUSTO LT.6,20.99,1,Birre in fusto
92736,LOWENBRAU BIRRA ORIGIN.FUSTO LT6 5.2°,21.9,1,Birre in fusto
29298,LEFFE BIRRA BLONDE FUSTO LT.6,22.84,1,Birre in fusto
58807,HEINEKEN BIRRA FUSTO BLADE LT.8,24.8,1,Birre in fusto
33906,GUINNESS BIRRA FUSTO LT.30,110.97,1,Birre in fusto
21063,S.BENEDETTO ACQUA GAS ML.500,0.12,24,"Acqua 0,5 L"
21055,S.BENEDETTO ACQUA NATURALE ML.500,0.12,24,"Acqua 0,5 L"
43699,LETE ACQUA PET CL.50,0.2,24,"Acqua 0,5 L"
27669,S.PELLEGRINO ACQUA GAS ML.500,0.29,24,"Acqua 0,5 L"
98891,VIGEZZO ACQUA NATURALE  PET ML.500,0.33,12,"Acqua 0,5 L"
27668,PANNA ACQUA ML.500,0.34,24,"Acqua 0,5 L"
83277,MANIVA ACQUA NATURALE BRICK CL50,0.37,24,"Acqua 0,5 L"
23208,VERA ACQUA GAS ML.500 CLUSTER X6,0.67,4,"Acqua 0,5 L"
15321,VERA ACQUA NAT. ML.500 CLUSTER X6,0.67,4,"Acqua 0,5 L"
92620,GOCCIA DI CARNIA ACQUA NAT CLUSX6 ML500,0.68,4,"Acqua 0,5 L"
92621,GOCCIA DI CARNIA ACQUA GAS ML500 CLUSX6,0.68,4,"Acqua 0,5 L"
30709,S.BENEDETTO ACQUA NAT.ML.500 CLUSTERX6,0.69,4,"Acqua 0,5 L"
30708,S.BENEDETTO ACQUA GAS ML.500 CLUST X6,0.69,4,"Acqua 0,5 L"
24917,S.ANNA ACQUA NAT. ML.500 CLUSTER X6,0.92,4,"Acqua 0,5 L"
30690,S.ANNA ACQUA GAS ML.500 CLUSTER X6,0.92,4,"Acqua 0,5 L"
21096,VITASNELLA ACQUA NAT. ML.500 CLUST. X6,1.05,4,"Acqua 0,5 L"
20214,LEVISSIMA ACQUA GAS ML.500 CLUSTER X6,1.1,4,"Acqua 0,5 L"
20213,LEVISSIMA ACQUA NAT. ML.500 CLUSTER X6,1.1,4,"Acqua 0,5 L"
23887,FERRARELLE ACQUA ML.500 CLUSTER X6***,1.2,4,"Acqua 0,5 L"
30182,ULIVETO ACQUA ML.500 CLUSTER X6,1.55,4,"Acqua 0,5 L"
20427,ROCCHETTA ACQUA NAT. ML.500 X 6 CLUSTER,1.64,4,"Acqua 0,5 L"
60757,LAURETANA ACQUA GAS. ML.500 CLUSTER X6,1.69,4,"Acqua 0,5 L"
57316,S.BENEDETTO ACQUA LIBERA CL50 CLUSTER X6,1.79,4,"Acqua 0,5 L"
60681,LAURETANA ACQUA NAT. ML.500 CLUSTER X6,1.9,4,"Acqua 0,5 L"
29846,DELICE ACQUA SOLARE FRESH BRONZE ML500,2.83,12,"Acqua 0,5 L"
89886,FELUNGO PROSECCO EXTRA DRY ML 750 11°,2.52,6,Prosecco
88971,FRIZZO PROSECCO DOC BRUT CL75 11°,2.79,6,Prosecco
88156,FRIZZO PROSECCO DOC EXTRADRY CL75 11°,2.79,6,Prosecco
73398,SILTERRA PROSECCO DOC EXTRA DRY CL.75,3.41,6,Prosecco
28368,VAL D'OCA PROSECCO ARGENTO CL.75 11°,3.79,6,Prosecco
61986,VALDO PROSECCO EXTRA DRY CL.75,4.09,6,Prosecco
41164,VAL D'OCA PROSECCO BLU MILL.DOC CL75 11°,4.09,6,Prosecco
45342,MACCARI PROSECCO EXTRA DRY MILLES. CL.75,4.2,6,Prosecco
45341,MACCARI PROSECCO BRUT CL.75,4.2,6,Prosecco
35982,S.MARGHERITA PROSECCO DOC EXTRA DRY CL75,4.22,6,Prosecco
22501,MASCHIO PROSECCO CL.75,4.29,6,Prosecco
66889,MASCHIO PROSECCO ROSE' CL.75,4.5,6,Prosecco
70254,VAL D'OCA ASOLO PROSECCO SUP.EX.DRY CL75,4.85,6,Prosecco
87123,VAL D'OCA PROSECCO ROSE' EX DRY CL75,4.95,6,Prosecco
72575,ASTORIA PROSECCO DOCG MILLESIMATO CL75,5.05,6,Prosecco
72580,ASTORIA TIEMO PROSECCO TREV BRUT CL75,5.19,6,Prosecco
58257,MASCHIO PROSECCO BIO DOC EXTRA DRYCL.75*,5.27,6,Prosecco
16173,VALDO PROSECCO MARCA ORO CL.75 11°,5.45,6,Prosecco
72579,ASTORIA GALIE PROSECCO TREV EX DRY CL75,5.61,6,Prosecco
17126,VAL D'OCA PROSECCO MILL.DOCG EX DRY CL75,5.99,6,Prosecco
87112,VAL D'OCA PROSECCO BRUT CL.75 11°,6.3,6,Prosecco
89010,VAL D'OCA PROSECCO BRUT MILLES CL75 11.5,6.49,6,Prosecco
87915,VAL D'OCA PROSECCO RIVE COLBERT. CL.75,6.94,6,Prosecco
87916,VAL D'OCA PROSECCO RIVE S.STEFANO CL.75,6.94,6,Prosecco
87914,VAL D'OCA PROSECCO RIVE S.PIETRO CL.75,6.94,6,Prosecco
78415,VIVE 4+ RIBOLLA GIALLA MIL.EXTRA D. CL75,2.45,6,Vino bianco
83388,MASCHIO SPUMANTE RIBOLLA GIALLA CL75,3.24,6,Vino bianco
65143,VALDO SPUMAN.RIBOLLA GIALLA MAGREDI CL75,3.49,6,Vino bianco
70699,PRIMOSIC RIBOLLA NERA  CL75,12.92,6,Vino bianco
89337,S.PELL. TONICA LATTINA CL.33,0.38,24,Tonica
35568,SCHWEPPES TONICA ML.500***,0.51,12,Tonica
73123,KINLEY TONIC WATER ML.200,0.52,24,Tonica
34531,SCHWEPPES TONICA LATT. SLEEK CL.33,0.54,24,Tonica
76554,VERDE VIVO TONICO SPRAY ROSE ML500,0.62,8,Tonica
76553,VERDE VIVO TONICO SPRAY PIANTE ML500,0.62,8,Tonica
70706,BIB GOLDBERG TONIC WATER LATTINA CL15,0.64,24,Tonica
89661,LURISIA ACQUA TONICA LIM CHIN VAP ML 275,0.87,24,Tonica
15442,SCHWEPPES TONICA PET LT.1,0.89,6,Tonica
61576,SCHWEPPES TONICA ZERO LT.1,0.89,6,Tonica
41389A,CALYPSO SPUGNA TONIC MASSAGE,1.04,20,Tonica
43986,FEVER TREE INDIAN TONIC CL.20,1.13,24,Tonica
49145,FEVER TREE TONICA MEDITERRANEAN CL.20,1.14,24,Tonica
60583,GALVANINA TONICA BIO ML.355 VAP,1.31,12,Tonica
72848,"MARTINI FIERO E TONIC CL.25  4,7%",1.32,12,Tonica
30505A,S.PELL. OLD TONIC (ROVERE) KLX4 CL 20,2.05,6,Tonica
27213,SCHWEPPES TONICA VAP CL.18 CLUSTER X4,2.16,6,Tonica
4294A,ACQUA DI ROSE TONICO ML300 CTX12,2.6,12,Tonica
72473,NIVEA LATTE + TONICO 2 IN 1 ML200,2.88,12,Tonica
72474,NIVEA VISAGE TONICO VITALIZZANTE ML200,3.0,12,Tonica
46898,FEVER TREE MEDITERRANEAN TONICA CL.20X4,3.57,6,Tonica
59986,FEVER TREE INDIAN TONICA CL.20 CLUSX4,3.59,6,Tonica
68353,ROBY MARTON GIN TONIC DELIVERY PACK 47°,5.92,20,Tonica
72700A,RED BULL EDITION WHITE LATTINA CL.25,0.91,24,Energy drink
72697A,RED BULL EDITION GREEN LATTINA CL.25,0.92,24,Energy drink
72698A,RED BULL EDITION RED LATTINA CL.25,0.92,24,Energy drink
45976,RED BULL EDITION SUGARFREE LATT.CL.25,0.92,24,Energy drink
240,72699A 90448898 RED BULL EDITION APRICOT LATTINA CL.25*,0.94,24,Energy drink
77609,RED BULL EDITION BLUE LATTINA CL.25,0.94,24,Energy drink
72701,RED BULL EDITION ZERO LATTINA CL.25,0.95,24,Energy drink
9808,RED BULL LATTINA CL.25 CON EAN,0.97,24,Energy drink
49035,RED BULL NO EAN  LATT CL.25,0.97,24,Energy drink
97285,RED BULL EDITION PEACH LATTINA CL.25,1.15,24,Energy drink
88783,RED BULL SLEEK CAN ML.355,1.51,24,Energy drink
85819,LEMONSODA TWIST GUSTO GAZZOSA LAT CL33,0.39,24,Bibite
1526,LEMONSODA LATTINA CL.33,0.45,24,Bibite
1527,ORANSODA LATTINA CL.33,0.45,24,Bibite
31059,LEMONSODA ZERO LATTINA CL.33,0.47,24,Bibite
19902,FANTA LATTINA SLEEK CL.33,0.53,24,Bibite
19831,SPRITE LATTINA SLEEK CL.33,0.53,24,Bibite
44419,FANTA VAP CL.33,0.69,24,Bibite
L1B,IVA PzXCt Qtà Ordine 44418 SPRITE330VAP SPRITE CL.33 VAP****,0.69,24,Bibite
89341,LEMONSODA ZERO LT.1 PET,0.85,6,Bibite
57160A,SPRITE  ML.450 PET CTX24,0.86,24,Bibite
57132A,FANTA ML.450 PET CTX24,0.86,24,Bibite
60979,"LEMONSODA LT.1,25 PET",0.99,6,Bibite
60978,"ORANSODA LT.1,25 PET",1.06,6,Bibite
70262,BONDUELLE FANTASIA DI VERDURE GR310LATT,1.11,12,Bibite
8834,"SPRITE BOTT. LT.1,5",1.19,6,Bibite
8833,"FANTA DOLCE BOTT. LT.1,5",1.19,6,Bibite
245,MORATO BRUSCHELLE FANTASY 3+3 GR.400 ?*,1.83,8,Bibite
39516A,BARONI FANTASIA GR.700,1.85,14,Bibite
1032,BERNI ANTIPASTO FANTASIA GR.285,2.38,12,Bibite
1518,LEMONSODA CL.20 CLUSTER X6,2.45,4,Bibite
8994,ORANSODA CL.20 CLUSTER X6,2.51,4,Bibite
78877,CINQUINA OLIVE FANTASIA MEDITER. G180,2.72,12,Bibite
34713,PHILADELPHIA FANTASIE ERBE GR.150,3.02,1,Bibite
87866,BERGEL FANTASIA FISH FANTASY GR 400 c.a.,6.6,1,Bibite
88692,TURCHET FANTASIA DEL MARE  GR 900,8.99,1,Bibite
53902,FANTASIA ACET.BALS+MELE+ARA ROS+VINO B,12.04,1,Bibite
35914,PEPSI TWIST LIMONE SLEEK CL.33,0.33,24,Cola
L1B,IVA PzXCt Qtà Ordine 18646 40608006 PEPSI COLA LATTINA SLEEK CL.33,0.35,24,Cola
78382A,COCACOLA LATT BASSA VENDING CL33,0.47,24,Cola
19620,COCACOLA LATT. SLEEK CL.33,0.53,24,Cola
20934,COCACOLA ZERO LATTINA SLEEK CL.33,0.53,24,Cola
14349,COCACOLA VAP CL.25 CTX24,0.56,24,Cola
44416,COCACOLA VAP CL.33,0.69,24,Cola
44417,COCACOLA ZERO VAP CL.33,0.69,24,Cola
57131A,COCACOLA ZERO ML.450 PET CTX24,0.86,24,Cola
57129,COCACOLA ML.450 PET,0.86,24,Cola
13951,"PEPSI COLA LT.1,5",0.89,6,Cola
85792,COCACOLA LT.1 PET IMPORT,1.03,6,Cola
43373,COCACOLA ITA LT.1 PET,1.03,6,Cola
37805,"COCACOLA IMPORT LT.1,5",1.28,6,Cola
37563,COCACOLA VAR LT.1,1.29,12,Cola
1520,"COCACOLA SENZA CAFF. LT.1,5",1.39,6,Cola
12849,"COCACOLA ITA LT.1,5",1.39,6,Cola
18841,"COCACOLA ZERO ITA LT.1,5",1.39,6,Cola
71831,COCACOLA ZERO ZUCCH.ZERO CAFFEINA LT1.5,1.52,6,Cola
64378,COCACOLA VAP CL.20 X4,2.45,6,Cola
71615,COCACOLA ZERO VAP CL.20X4,2.45,6,Cola
22265,COCACOLA LIGHT ML.500 CLUSTER X 4,2.63,6,Cola
57280A,COCACOLA TELO MARE ASSORTITI CTX12,3.03,12,Cola
24705,COCACOLA S/CAFFEINA LATT. SLEEK CL.33 X6,3.18,4,Cola
28567,S. BENEDETTO BENS BITTER ROSSO CL.10 X6,1.39,4,Aperitivi/Bitter
49180,SANBITTER EMOZ. PASSION CL.20 CLUST.X3,2.27,8,Aperitivi/Bitter
49413,SANBITTER EMOZ.POMPELMO CL.20 CLUST.X3,2.27,8,Aperitivi/Bitter
1499,SANBITTER ROSSO CL.10 CLUSTER X10,4.15,4,Aperitivi/Bitter
18837,SANBITTER DRY VAP CL.10 CLUSTER X10,4.45,4,Aperitivi/Bitter
78211,CARLITO'S BITTER CL.50  25°,5.3,6,Aperitivi/Bitter
80169,APEROL SPRITZ CL.20 CLUSTER X3,5.37,8,Aperitivi/Bitter
96136,MARTINI BITTER ML.700,6.99,6,Aperitivi/Bitter
1920,MARTINI BITTER LT.1,7.88,6,Aperitivi/Bitter
1908,BARBIERI APERITIVO BITTER LT.1,8.26,6,Aperitivi/Bitter
49577,APEROL CL.70 11°,8.98,6,Aperitivi/Bitter
76592,GAMONDI BITTER LT.1    25°,9.3,6,Aperitivi/Bitter
88395,DILMOOR BITTER PET  LT.2 25°,9.85,6,Aperitivi/Bitter
1917,APEROL APERITIVO LT.1    11°,10.97,6,Aperitivi/Bitter
1909,CAMPARI BITTER CL.70  25°,11.53,12,Aperitivi/Bitter
68616,SOX2 BITTER CL.70 25°,11.74,6,Aperitivi/Bitter
61538,THE BITTER TRUTH LEMON  CL.20 39°,12.19,12,Aperitivi/Bitter
92510,BOTANICA BITTER ZERO CL.70,12.9,6,Aperitivi/Bitter
70860,BRANCA CARPANO BITTER LT.1   25°,12.93,6,Aperitivi/Bitter
8265,CAMPARI BITTER LT.1 ITA CTX6,14.94,6,Aperitivi/Bitter
